dy,dc,dinve,labobs,pinfobs,dw,robs
-0.346646871942539,0.125190343495092,3.74590245809472,2.40599138364342,1.73321288857178,-0.390910855357731,0.209166666666667
1.15161239527572,-0.311350549973952,7.8632665246694,3.12008510042114,2.48223977335953,0.149491058377833,0.251666666666667
1.16038522796237,0.429219445192359,3.03630734680101,3.7227805829686,0.760128270556626,1.80411479077715,0.2725
1.53376234618327,1.10204814758356,1.05355467484111,3.70532905517217,0.883676382216336,0.374201838469659,0.275
0.247688219858674,-0.514535875011632,-0.054366832738566,3.71684726813896,1.8409541555473,0.628307103489846,0.2875
0.0739084412649618,0.0960511445626366,-0.410564067900935,2.97850194689227,0.247338225209548,0.964797828024913,0.31
-1.66438273365395,-0.382119840181304,-5.98467636772344,2.0904918554013,-0.398455006770648,0.398455006770689,0.3175
-0.539529184386311,1.7562547965365,-2.40616152192817,0.365709158814525,-1.10095087276125,1.10095087276125,0.3175
0.83676666115764,-0.0381809032957676,-1.24411612082761,-0.440932473002476,-0.576582594719133,1.77420169939067,0.285833333333333
-1.31267961165202,0.952915189957594,2.92601419881703,-0.0888388694549462,0.0983767910132549,-0.0983767910132656,0.294166666666667
3.7275294464747,1.50105472828255,5.8565465387299,0.0559662336830797,-0.307749365805066,2.66079910682451,0.300833333333333
2.66242880952962,1.44021227274669,9.86864732111715,1.86134494126838,0.39374973967865,0.762332500428933,0.313333333333333
3.62979390543319,4.76315338667251,7.80250117903879,3.26170775836749,2.09024501598964,0.182580091765963,0.33
2.058564265717,-2.9568287628029,-1.84539139398265,3.91358887387804,1.9059540621623,0.316359616308709,0.359166666666667
1.47994349966473,2.16327190545343,-3.77026343348561,4.70659391993797,3.6607817602528,-0.417254184937363,0.366666666666667
1.86293638822508,-2.50974652162233,-3.57856052816862,4.88353991762727,0.61238567427071,0.445825258782982,0.3975
1.94214491685773,1.21688658652727,-1.09397220814569,4.32712691767733,0.0565131408089226,2.02689554947523,0.425833333333333
-0.023129631364327,0.610431493283897,-1.29620395693397,4.39869574064272,1.10125846080451,-0.0756084440855744,0.4275
0.923349585105143,0.595631179795532,1.78197084111221,4.90854911753706,-0.0950384418145322,2.11530917356649,0.416666666666667
-0.0666815494147386,1.62515565444977,1.43990445664903,3.96348327702947,0.189986646328189,-0.189986646328215,0.436666666666667
0.327554218218211,-0.318993889670651,-7.68357054064359,3.79748637530827,1.14344052210056,-0.148407436783714,0.470833333333333
2.88999951632206,2.9853311740012,6.555164697121,4.66469511061229,0.29208364431863,2.63495458569266,0.498333333333333
0.952820153383414,0.654750608618315,3.05398252039646,5.74498734691264,0,0.956945101615069,0.52
0.538329847851514,0.369727760692172,0.700180829241106,4.41089669055452,0.186926218594019,1.69992221184427,0.563333333333333
-0.825008405488461,-0.303738495757159,0.308251212012095,3.1434609119425,0.383751361792806,0.546487904438564,0.514166666666667
-1.9284216912896,-0.771388492760025,-1.83604089758222,1.52694793053126,0.218627109382385,0.703038401110007,0.393333333333333
-0.84055180936241,0.184604161746449,-2.33652946899923,0.685806016455331,0.321605030405125,0.591643325922114,0.29
-0.186697025815988,0.811455305093318,1.66473112516078,-0.0510200591485841,0.0924742361980257,-0.092474236198008,0.2225
0.852539362231937,0.576932144730677,3.52508037392226,-0.534355056351671,0.179265061451961,0.725718490539784,0.256666666666667
1.64573708766568,1.37724385989509,1.66561742841617,0.218354868806273,0.281827729761597,0.615039268514487,0.246666666666667
2.5216388894263,1.73727018612993,3.08579685685316,1.28093757713054,0.480523560472479,0.408371181252143,0.335833333333333
1.25665977356471,1.21702814101496,4.2169299862436,2.35358463136146,0.41924275327534,0.461820214940111,0.375
1.00393866449497,0.559847440552005,2.34409224081926,3.81921870729661,0.742782692078903,0.130585304796583,0.485
0.260082683213227,0.239131064013975,0.0793325106021996,4.69263825896604,1.00647104507132,-0.140664770759884,0.589166666666667
-0.738394948457312,-0.674629817078255,-1.27636160637712,4.46514247724207,1.00687829505217,0.702565040877836,0.620833333333333
0.512520496195066,0.154695641712237,0.933174102883356,4.15766958538512,0.577509994556813,1.93308211855084,0.673333333333333
-0.415640990585189,-0.391066896167047,0.0375058825424048,4.15437407907558,1.27836792468146,-0.455318011029931,0.7025
1.33329583247587,1.29266641096888,-0.523860374086951,3.95707268877584,0.383406650182216,1.24264543699585,0.731666666666667
0.344246290951673,-0.0924196744412598,-0.796952592974748,3.66254592573927,1.40344292133512,0.196591213308992,0.733333333333333
-0.538321163619685,-0.161245780470836,-1.40436076141302,2.71575407190403,0.681911988588446,0.892923708225467,0.75
0.627411213239952,0.666621175366686,0.638635102370841,2.30817559335981,0.592882189073274,0.185331855132233,0.808333333333333
-1.45102220801482,0.189812524157333,-1.82673255990676,0.51190053132359,0.00993443275203454,1.52855745119588,0.813333333333333
-3.08040127876234,-1.59647721231283,-8.74667249546337,-1.37178920220998,1.09663221107303,-1.09663221107304,0.465833333333333
0.327354028454693,0.418637603338539,-2.9277410793724,-1.86791845273098,0.313925798595571,1.20125470346468,0.235
2.00772025516142,0.792714101415072,0.487870888233203,-1.32138142370798,0.654107574797402,0.0949595981183506,0.330833333333333
1.89195027747485,0.381989134703531,5.33582661868968,-0.346683729719814,0.499891841541489,0.981616736972576,0.540833333333333
1.51622364168611,1.90670765404735,5.52311048353062,0.2377826592151,0.232108421420341,0.500495587786943,0.6425
2.22625843468643,1.54748019781726,3.16346472289075,1.51749158934439,0,0.727275932907986,0.770833333333333
-0.432872323177094,1.03888601836798,0.996146604245098,1.05269801260971,0.236389622103284,0.485635175245399,0.894166666666667
0.0340328845528575,-0.0840638060431615,-1.92543746310577,0.548440562406142,0.418340234564329,1.01025549018335,0.9975
1.52111080911084,-0.00726558060227944,2.41284371161083,0.0408303535522805,0.435709674004281,1.66963124577892,0.983333333333333
-0.781887187950019,1.12902437794247,-2.44318375590541,1.1407771244248,0.348158215040373,-0.348158215040364,0.924166666666667
-0.162716021786991,-0.699488697061895,-3.48296859640629,0.853816226595939,0.380156321734759,0.311887962722629,0.734166666666667
-1.65512195343695,-0.0755912706160871,-1.31936321193436,-0.134784709974781,0.293630331737438,0.393657597038754,0.574166666666667
0.236514944153782,-0.432264100951159,-2.08127199515684,-0.833138594130332,0.21729896594338,0.465297541096604,0.500833333333333
1.54005165302362,0.946719618549537,1.10056369171392,-1.44727234372812,0.212119149039314,1.13925276763298,0.433333333333333
1.30079325301347,0.231867722777793,1.65409893142217,-1.57034377485638,0.310296440790436,0.358602374289205,0.420833333333333
1.86469060745196,1.60984095839706,2.75304136543315,-0.825505406655395,0.337410695475793,0.327043576391091,0.6
1.6234953082627,0.755469055327865,1.52951042395864,-0.62852551673808,0.587743085706771,1.37953347416369,0.614166666666667
0.717578585387628,1.04535825810768,2.55999233447503,-0.253213252728415,0.148719644457929,0.498531806103827,0.651666666666667
0.45957431767215,0.375881615681806,0.0265757558824191,-0.343329757466904,0.241198688296995,0.401890344732053,0.711666666666667
-0.317507694048118,0.807952050495317,-1.47945733509604,-1.13086076896042,0.314538397071162,0.324441412805932,0.730833333333333
0.812986170892373,0.249057539344847,0.487545239834049,-1.2630898928814,0.226040921986348,1.03979876520602,0.741666666666667
0.808603271257084,0.457708763954201,3.70071490538822,-0.794425988626642,0.197942385158578,0.42901891620096,0.740833333333333
1.45426983614084,1.22167778456702,1.65666385001623,-0.942665406043318,0.197551347182623,0.425503627880985,0.8325
0.352997846141534,0.0427345745158618,2.13673667753181,-0.711096838440994,0.745333704857432,0.489249877372476,0.863333333333333
1.79635920943849,1.71106043802899,2.69184464206651,0.367014179673674,0.29567651809308,-0.295676518093046,0.865833333333333
0.755169413167096,1.32088780240753,-0.0315985813364534,1.37496076738239,0.258568040814167,0.960959268567663,0.8725
0.92484937690881,1.33209022442065,0.929263850764329,0.791506900215722,0.3933719720008,0.811461879616605,0.864166666666667
-0.170734634880091,-0.313577723902199,0.888912605084414,0.859775868856616,0.495161939019351,0.101854759631074,0.894166666666667
2.00832398881482,1.59260985030284,3.4946993052146,1.65312651190789,0.506126088821057,0.0873474631603699,0.993333333333333
0.937676503611556,0.752581486153531,2.1901704502383,2.07802287221239,0.432428286800324,0.157543925918496,1.01916666666667
1.67625647933926,1.38079781930566,2.1474231236009,2.14471268615722,0.368537148688564,0.801066827630592,1.01833333333333
2.05601746978596,2.11624597668481,2.41369751652351,2.44969671196412,0.636185048276428,0.519897191831156,1.04166666666667
2.1474273608826,1.31457239966488,2.27031276882315,2.83866581248759,0.649666478856759,1.62315862889886,1.13916666666667
0.0659646860557359,-0.0437709789341056,-0.697561706681654,2.87508445051498,0.840908599851975,0.27642145996057,1.22833333333333
0.371337432584937,0.580089313263045,-1.4183398543631,2.82516728917358,1.04880220750427,0.604127987616746,1.3525
0.502367855014768,-0.0250503382756619,-3.09029022972808,2.85668743017123,0.914614461882346,0.172352761808039,1.39083333333333
0.551218405046939,0.0863998645534707,-2.69847636152343,1.87381442012429,0.454189290234908,1.15442448492753,1.20583333333333
-0.368192671766451,0.901536358215196,2.02269260500407,1.45204148644018,0.544845391508808,1.03830113015928,0.9975
0.298466667745288,-0.036067005149107,0.134124498830403,1.82787541414979,0.980810947597099,0.577662154072698,0.973333333333333
0.299893663714784,-0.102115650942437,2.79339776395042,1.95451900972881,1.10337937060963,-0.077729353890696,1.04333333333333
1.64934919063955,1.93120469907205,1.91922978717085,1.05194292835461,1.08725710516566,1.92804671190308,1.19666666666667
1.34488852824461,1.17216692000295,-0.994498065708484,2.0164994449778,1.04326181158747,0.430966362132903,1.495
0.270479643860426,1.50478134434434,0.674764757670005,1.80729714443754,0.984517003599139,0.947910279041118,1.48583333333333
-0.0542259746338232,-0.32447756323478,2.78147043841241,1.39975906987792,1.40562171335872,0.490169661102719,1.47916666666667
1.11695102400597,0.611787689018058,2.69452948126064,1.73019909795028,1.03554702746766,0.363077170006328,1.64166666666667
-0.122044369887135,0.224381844552795,-0.180085283682587,1.79895787589777,1.28723861781825,0.092093595415303,2.08166666666667
0.191441724216816,-0.15600244017736,0.637531508690898,1.80089475239197,1.4305082340063,0.379495930355482,2.24583333333333
-0.958862076727655,0.170294231183732,-2.98363593646593,1.49053185376602,1.29418675821871,0.483637843909705,2.235
-0.685406487299474,-0.168378339814012,-1.60005692018828,0.772872562056136,1.41819949684074,0.760535921649991,2.14333333333333
-0.345503029077122,-0.332198226277285,-1.89889171573429,-0.684320091944528,1.36555972658932,-0.080745478804447,1.97
0.316114907955239,0.484330725396717,0.103805404140388,-1.65000920913786,0.79528335639325,1.31005756339001,1.67583333333333
-1.66119100858316,-0.849223977248585,-0.616037354395132,-2.29236260504007,1.2830134128901,-0.453133131420584,1.39166666666667
2.17739087173163,0.779733908318917,1.86206781559005,-2.66242004628509,1.49216825216483,0.552892794964215,0.964166666666667
-0.00678783990133525,0.176429525146773,3.57352431578028,-3.01581366648912,1.3036900649479,0.302770185432797,1.14083333333333
0.237171000973945,0.209813641807273,1.54946590519603,-3.06138510933749,1.00541555559084,0.182717233084411,1.36833333333333
-0.281339920395794,0.913289518364309,2.20836253713924,-2.35635843635714,0.797799167408586,-0.0134814213059684,1.1875
0.633677505326887,-0.305452079379961,2.95125058145442,-2.17117576262888,1.55325187596214,1.14440689385804,0.885
1.80947746532547,1.35715302497158,1.27213291476562,-1.88515430844956,0.59591739791558,0.538310262477884,1.075
0.417873406567765,0.909001870907844,0.589379404983248,-1.80802009619123,0.966640422200049,0.525924599467531,1.185
1.14615638245868,1.33864117535325,4.21105623981151,-1.80545672040734,1.32017286313073,0.514741003688906,1.28583333333333
1.99276526081144,1.30903892701593,3.42121529607758,-1.40693395554337,1.19342446402348,1.67415553364315,1.63416666666667
0.633280441308216,-0.184482837171174,0.527384407984556,-0.789678028067726,1.53553880831945,-0.132006996681117,1.95416666666667
-1.04914735496129,-0.27616034250417,-0.61927413729552,-0.6788412830021,1.93045262959055,0.138586696154078,2.64
0.443845509961648,-0.729801808639763,-2.20848852717162,-0.502937075991554,1.96108899537681,0.0660074419850947,2.49916666666667
-1.38211344352715,-0.351031405737444,-2.8793163707233,-1.22001518718281,1.89341167371011,0.420741182459347,2.33083333333333
-0.219386958255768,0.308690238022223,-1.37849792028706,-1.86923117574844,2.32768363975069,0.253104755836544,2.8125
-1.47382392011093,-0.326784574154658,-1.29083309630565,-2.37207402093594,2.89657915064785,-0.0706454192074997,3.0225
-0.893328100636609,-2.41406047980945,-5.34166374771797,-4.00898429626136,2.94765260968033,-0.19938804029715,2.33666666666667
-1.68865167773401,-0.0695735326093541,-5.64304653359247,-6.7892774266964,2.27121189229451,0.40353894440832,1.57583333333333
0.256553071540225,0.887962743600269,-1.11291399288302,-7.38777956287998,1.51079697777905,0.521203271316676,1.355
1.10952390863008,0.867452325660111,1.2079239960249,-6.82627387472888,1.84129426623487,-0.131850930304821,1.54
0.811257139643089,0.476061147341795,1.09440483473068,-6.32375179062444,1.7438993046174,0.21420521529325,1.35333333333333
1.74769124489217,1.50419576014883,3.46950232002848,-5.14967657995805,1.09943075418935,1.09243781657525,1.20666666666667
0.294544003978899,0.23875222685723,1.88749290105028,-5.24198281363886,1.06488679460952,0.814363140327244,1.29916666666667
-0.00470312037339227,0.71908078234145,0.581883379886449,-5.27314529611641,1.35869961778621,1.00671947200276,1.32083333333333
0.270216055867877,0.612876752062505,4.31088098112642,-5.35688015089193,1.808482920215,0.248144837932677,1.21833333333333
0.763368041001854,0.868170999086999,3.67945337223045,-5.01331602639675,1.62573830754549,0.139755216326615,1.165
1.4760179570178,0.332954624047943,5.39069350396372,-3.85837176155832,1.43713056935884,0.543132160259107,1.28916666666667
1.28588887145258,0.754423906505394,1.84550053259423,-3.82412742007034,1.20960709704114,0.732201488669051,1.455
-0.454753001423455,0.30714957448123,1.32228341677089,-3.04264136987706,2.15523099764292,-0.486539119141474,1.62833333333333
-0.107518363730037,0.331021454651477,0.795258492486283,-3.27706176248722,1.47812145986013,1.31926374438048,1.68916666666667
3.43265404542467,1.90648611188021,6.83302678941104,-1.48912755945577,1.81689588188028,0.00547801376488222,1.82083333333333
0.523474875747638,0.0695540932417771,2.65422108930164,-1.55508752517528,1.64348889746737,0.146268048286905,2.025
0.841241746722517,0.109078744927274,1.55137972534553,-1.08373816696439,2.09417118387707,0.315583974028982,2.39583333333333
-0.253478971104869,0.176087142252925,0.689026637387911,-1.04830252575198,1.74672329679821,1.02826799849204,2.51833333333333
-0.32557479823106,-0.223523184600538,-1.06104500560622,-1.83556889548572,2.43889365797672,-0.355484967692531,2.545
0.260984201530164,0.823953212108108,1.63806465616742,-1.32123030858787,2.13170928859383,0.1109942901506,2.73666666666667
-0.223439342796382,0.162148154893941,-1.41059880655629,-1.33456540178696,1.97967584243823,0.410876242917207,3.39416666666667
-0.106994466072706,0.270271440997817,-1.64026638258838,-2.02244659556533,2.08695819590496,0.823043452739099,3.76166666666667
-2.42908482403868,-2.45506627646796,-9.38633690596544,-4.11450889974498,2.18685285693714,0.454810187457052,3.17166666666667
-0.581364138675895,0.725263246697011,0.447779718695159,-4.6824725379513,2.24457801055737,0.329093453847617,2.45916666666667
1.49165889587266,0.691670179703237,2.95860941237575,-4.12815215303164,2.73177312906308,-0.0458462240362348,3.96333333333333
1.66010977796418,0.087455199362239,0.481814242284287,-3.63474885475705,2.5461811454889,0.0694867193839652,4.1425
-1.11288008264535,-0.525979798055459,0.684579276839344,-3.79975068868481,1.8620010026976,-0.155474947278978,4.445
0.864404597089901,-0.0667060690821017,-0.430387424250085,-4.85061008055851,1.76426907185547,0.411548981016281,4.39416666666667
-1.59321072461853,-1.39589608119115,-0.591312594467013,-5.39500658255474,1.80780864212924,-0.328734841989656,3.39666666666667
-1.94892637881469,0.259209384759004,-3.36588162067889,-6.95436036740722,1.35097406520286,1.22565801122008,3.55666666666667
0.230702569312029,-0.210999330841787,-3.89334609373518,-6.5255581178148,1.20624439072801,-0.414474617049413,3.62833333333333
-0.669146054121939,0.626937882375614,-3.98145114804964,-7.01915334588546,1.40259224532642,0.162384921386284,2.75166666666667
-0.214518230372732,1.53523562744346,-1.39465955897978,-7.74913419745201,1.07207134869514,0.162512233534833,2.32166666666667
0.960855168582953,0.751643602632271,0.604436005531454,-7.69331559088624,0.818711639690939,0.249185617894485,2.16333333333333
1.96989927447646,1.89965651466298,2.38574920515879,-6.95037293727029,0.719588994986875,0.0362725024057799,2.20083333333333
1.6718675180424,1.76884245259595,4.35513998183211,-4.89131331890354,1.0186480656893,-0.418045659668098,2.365
1.73896193449923,1.19846576693806,4.78515398288937,-4.22084608942487,0.752689273057605,0.289762460530745,2.3575
1.52187217481821,0.268183757919189,1.51790444212506,-3.20150733150433,1.24202757351757,0.0824951014845881,2.42166666666667
1.45204840654662,1.27573604704384,3.35555519757702,-2.03919511317281,0.859589206549405,0.0137787903259654,2.63916666666667
0.700693609718428,0.47772181971709,1.35583713264253,-2.29209347146809,0.796357825094951,0.642515920115007,2.8475
0.514695395169497,1.00027454935952,1.12308782650445,-2.14306919626887,0.633721260057385,0.0780255168290123,2.31666666666667
0.700584498751027,1.39618449179193,-0.268256022415699,-1.73164730309639,1.11968597431575,0.148829978415919,2.11916666666667
0.611478709925677,0.856154666288148,0.58873406885516,-1.70767925156133,0.569555629278007,0.267269337773583,1.98083333333333
1.28957416743367,1.84278816989831,-1.06842379727604,-1.79615064295814,0.413235586754457,0.966096626479142,1.975
0.46937498887371,0.0710181743050953,1.58907598146845,-1.50970393605201,0.643704007482615,0.986766895011768,2.02583333333333
0.458668530616592,0.544178039350697,-0.406613186032558,-1.54319272944764,0.515110298137511,0.823597780108453,1.95666666666667
0.121088067991423,0.326252498049257,-0.270817563726609,-1.97833929505305,0.512470503989348,0.414074840589595,1.73
0.667996503001859,1.60527893903395,-0.564336170392977,-1.76428598214108,0.577082638577231,0.340956595918969,1.55166666666667
0.210244767069867,0.400089733961863,0.399036824619316,-1.48404825929725,0.651695382770434,1.03119223024523,1.56666666666667
0.306036045002315,-0.00923405229406171,-2.85473580948485,-0.597099427250498,0.822833289121228,-0.69454590783228,1.555
0.805451617581753,1.38103238669055,1.06341789817995,-0.230139524927608,0.543445950840926,0.349986922535658,1.6625
0.635879761713795,1.12296850240637,1.28016825044145,0.131989467962399,0.742278213849445,0.269108409843377,1.71083333333333
1.48497022417826,0.119619758239367,-0.165882686162661,0.666162470989548,0.723288742447625,0.526727533975484,1.72916666666667
0.215328369000986,1.39303192354464,-0.360525847763881,0.298843173317096,0.846886478045672,0.755119440372768,1.66583333333333
1.03450145610054,0.632957496726931,1.36183262460486,0.829765799918846,0.951390551623099,0.14284529047128,1.78916666666667
0.287225645453645,0.662890954428349,-0.509296492154334,0.918128346659955,1.11067497633348,0.0912625702449841,1.99583333333333
1.08835575485762,1.16974375155604,0.991736088407464,1.7084781566324,0.747126528219777,-0.151532152934678,2.1175
0.729802796951617,0.147636796945449,0.0894480675246427,2.38852503459805,1.12515121604408,-0.887903180681059,2.36083333333333
0.435507733355053,0.594718841406348,-0.433412546841907,2.58456751489865,0.954440742925922,-0.599620737316234,2.43166666666667
0.483145824664803,0.648556418838609,1.21610746067716,2.70146258453201,0.706096328815242,-0.000211044852767017,2.27083333333333
0.0307172983364126,0.371275472319951,-2.05768557449272,2.32402517783663,0.68981474263472,0.707181201385354,2.15333333333333
0.348174213848893,0.290621071858197,-0.18308572342292,2.35914914064239,1.18900024022039,0.643811660209636,2.0625
0.0448378415075013,0.0386311423858956,-3.38568166104113,1.55321811579148,1.15781261965919,0.975901119153892,2.06083333333333
-0.223814218084158,0.543259065299651,-1.57282272332907,0.585872361658971,0.881591584793018,0.661989228190922,2.04
-1.02958944171655,-0.449797987498187,-3.29228562756691,0.0188529915168374,0.746920163935716,0.124545046308658,1.93583333333333
-0.72366653829647,-1.0721999274744,-4.15415888591548,-0.984652080396927,1.17880502817185,-0.422453502447395,1.60666666666667
0.444640987769048,0.578987771466473,-1.00602481436127,-1.43187566420437,0.642468134766361,1.17091488903764,1.46583333333333
0.23835810529124,0.186237784950322,-0.66442724341087,-1.5341303551649,0.706817128653725,0.449265111453899,1.41083333333333
0.191069270167077,-0.094296526365099,-0.948322466532744,-1.79484578907989,0.522452473334845,0.517057926699119,1.20416666666667
0.809697596112301,1.58045440035426,0.0194601258561136,-1.77846641300698,0.602598253534037,1.3431876614001,1.00583333333333
0.73500852743723,0.443792178140484,3.12803429844956,-1.42356888960899,0.545632523303663,0.262452682090203,0.9425
0.707295462775505,0.963756808801122,0.940311070772509,-1.40004855556913,0.451468035452685,0.947156162021317,0.814166666666667
0.789754758182312,0.961834289805324,2.50744001254387,-1.43822664437096,0.517255443086917,-0.121215321477269,0.759166666666667
-0.131793817732841,-0.152850242722309,0.105435071694586,-1.20198472812655,0.776031730804494,-0.578598300432672,0.76
0.274167588954583,0.746927848495943,1.73406107146735,-0.481535473953102,0.549186414734049,-0.155485118800142,0.75
0.248790458001281,0.735887916916226,1.3123355567017,-0.290398853713896,0.429962192140199,-0.0378048268220361,0.765
1.05361121647752,0.60315452962783,3.67777137658223,-0.0387475382107141,0.527004507861317,-0.136379011154791,0.7475
0.774516204829638,0.655235582864236,0.988726763679892,0.0187502639077479,0.604650921766581,0.558152877745318,0.803333333333333
1.07337788332063,0.619042543161527,2.05768034625504,1.08300213465452,0.418867443957627,-0.611731534598141,0.985
0.290319051559095,0.692356232170312,0.478613456701055,1.34267496415356,0.638285893000212,-0.734857604996176,1.12166666666667
0.886988356788493,0.695674209158938,2.18513192502132,2.03632003648886,0.465060733945677,0.112975557604306,1.29166666666667
0.135120406197188,-0.13629675445776,1.8974539165884,2.11518436914446,0.633489256988273,0.132064721144578,1.4525
-0.0302963924410733,0.81057930107437,-0.612951072213264,1.53247355200381,0.358800531063608,0.211543220323367,1.505
0.553798381808406,0.566764029506203,0.729755735170983,1.81584340460381,0.4670165101337,0.100092760247856,1.44916666666667
0.455169317397576,0.345964234547694,1.30582943777858,1.47506426342136,0.479943846980646,0.458149336395959,1.43
0.490597779543691,0.644676222993382,1.32063508322921,0.821486302600249,0.639577373281419,0.382261522586397,1.34083333333333
1.37403448233181,1.11375907158339,2.29193665008899,1.25566766650854,0.354035677060871,0.565934012781486,1.31083333333333
0.550585560601576,0.438904497893077,1.99307181315166,1.81153070016006,0.311284298049053,0.418645950112129,1.32666666666667
0.859941188172456,0.664410644718487,0.766504390071532,2.39501585510283,0.529722418513767,-0.0762069019746487,1.32
0.305518305326473,0.427418927173278,0.676124457374442,2.73927007830605,0.637455721560087,-0.00596963569262421,1.31916666666667
1.291772942134,0.277934657334754,1.63262818446404,3.07773452723865,0.159781385827884,0.557067562033314,1.38083333333333
0.975696267211219,1.2943997932079,3.19248604750265,3.48517458176178,0.343924004727647,0.633427177970351,1.38333333333333
0.455419838506032,0.755759478875461,0.0901341524239569,3.43281837706036,0.326053167946228,1.42684009263006,1.37666666666667
0.875217173331293,0.697280372351372,1.96876920633719,3.52019982304148,0.253210857669828,1.55484528383764,1.38
0.409786835756336,1.32709997507044,2.26035807575244,3.3374235792113,0.16637381786957,1.27371883751282,1.375
0.863268913179809,0.88531202752381,0.704141207032023,2.99267688765991,0.364015771494142,1.1385166691809,1.38333333333333
1.20885323014136,1.06308963239957,2.19016256015749,4.1360326869692,0.345159332822398,0.233115719368804,1.215
0.468627159773291,0.462499468709495,0.942232527584792,3.95237922595959,0.40563830316529,1.3903283366539,1.18333333333333
0.55561223826794,1.5732869366758,1.79686529253036,3.98699031238567,0.354868527607799,-0.0317664694631681,1.18666666666667
0.86610968398179,0.949492130996873,1.11565401095891,4.05813225128952,0.346472007972931,0.536713178809926,1.27333333333333
1.46539379241449,1.09910107519522,-0.0724456805704108,4.09026052066508,0.426583150896764,1.63045140566613,1.32666666666667
-1.18051725516216,0.122946014964555,0.944866024986311,4.18893530278581,0.895080034395157,2.4924648145834,1.42
1.29022726704488,0.417638062299034,1.88643854344883,3.76265129151966,0.430017441329777,-0.127674051530086,1.56833333333333
-0.433010731732338,0.589930840077784,-0.524245043384155,3.06124307383112,0.51399085178172,1.42926910220591,1.63
0.217694988508697,0.578441118484307,-0.298732183236552,2.83179933645829,0.405126845008397,0.111670170835929,1.61833333333333
-0.376035971588294,0.161646627345931,-1.78347312066506,2.45195078051859,0.80339200516848,0.876092523896538,1.39833333333333
0.0107063410557657,-0.172709114345992,-2.88228040821491,1.19438147970044,0.759832841385943,-0.110245569841389,1.08166666666667
-0.671393919933962,-0.149230347689411,-1.33187658020631,0.206238608853823,0.412830520880281,0.0178951988777101,0.874166666666667
0.0742633694899268,1.00251695438243,-3.60760800779718,-0.688298432615682,0.501298009956219,0.283579369250905,0.533333333333333
0.583238395877856,0.166504093667356,-1.90349573045552,-0.832836684820677,0.250676424936813,1.02052713389944,0.433333333333333
0.340853686381706,0.711646999732977,-1.61049328681082,-0.680085923833587,0.444635933952409,0.463508623871704,0.4375
0.33625691610996,0.57708492580656,-0.675429124646257,-0.751883550010746,0.318994861044786,0.0281071882430552,0.435
-0.125306365705796,0.16804908125664,-0.33038731334284,-1.39752979495177,0.487093955721107,-0.210277169959816,0.360833333333333
-0.285066330985046,-0.0205252293212652,-0.42810961574645,-1.79949697620776,0.711530121738591,0.661175029411204,0.3125
0.752780433887438,0.593974742483908,1.97908039708489,-1.98259646486838,0.283011466756822,1.07110536496052,0.311666666666667
1.45254639128268,0.963100368463358,3.77434088854915,-2.47480348336325,0.329327912571209,1.07303229820342,0.254166666666667
0.681041328242827,0.477770530240775,2.48717621866388,-2.09159392019245,0.352657756486163,0.63712267623989,0.251666666666667
1.01716103905153,1.06272365803494,0.843084076624677,-1.88739671956154,0.676433680105237,-0.152529403853073,0.250833333333333
0.579110626934039,0.134490769038962,3.27115245186013,-2.28738981395827,0.786670661654654,0.640072087445695,0.2525
0.664565005542386,0.890420982568628,2.16798602005923,-1.87907140900148,0.359229290844265,0.983931292021872,0.358333333333333
0.614386847994297,0.788226274207716,2.18192499178394,-1.76049362247318,0.568063223871995,0.254465931034026,0.4875
